{"cameraMode":{"drawMode":0,"name":"Shaded","section":"Shading Mode"},"sceneLighting":true,"audioPlay":false,"sceneViewState":{"showFog":true,"showMaterialUpdate":false,"showSkybox":true,"showFlares":true,"showImageEffects":true,"showParticleSystems":true},"in2DMode":false,"pivot":{"x":1.0395584106445313,"y":0.12982887029647828,"z":-9.638690948486329},"rotation":{"x":-0.03489861637353897,"y":0.7123472094535828,"z":-0.035511113703250888,"w":-0.7000598907470703},"size":10.0,"orthographic":false}