{"cameraMode":{"drawMode":0,"name":"Shaded","section":"Shading Mode"},"sceneLighting":false,"audioPlay":false,"sceneViewState":{"showFog":true,"showMaterialUpdate":false,"showSkybox":true,"showFlares":true,"showImageEffects":true,"showParticleSystems":true},"in2DMode":false,"pivot":{"x":0.0,"y":0.13999998569488526,"z":-9.760000228881836},"rotation":{"x":-0.05026772618293762,"y":0.7019404172897339,"z":-0.049787409603595737,"w":-0.7087130546569824},"size":2.8578836917877199,"orthographic":false}